country,scenario,year,variable,value
AT,0_no_pol_cep,START,Primary energy factor,1.4704746
AT,1_no_pol_cep_low_pef,2030,Primary energy factor,1.3434464
AT,1_no_pol_cep_low_pef,2033,Primary energy factor,1.3011037
AT,1_no_pol_cep_low_pef,2035,Primary energy factor,1.2728752
AT,1_no_pol_cep_low_pef,2040,Primary energy factor,1.202304
AT,1_no_pol_cep_low_pef,2045,Primary energy factor,1.0611616
AT,1_no_pol_cep_low_pef,START,Primary energy factor,1.4704746
AT,2_no_pol_ep,START,Primary energy factor,1.4704746
AT,3_no_pol_ep_low_pef,2030,Primary energy factor,1.3434464
AT,3_no_pol_ep_low_pef,2033,Primary energy factor,1.3011037
AT,3_no_pol_ep_low_pef,2035,Primary energy factor,1.2728752
AT,3_no_pol_ep_low_pef,2040,Primary energy factor,1.202304
AT,3_no_pol_ep_low_pef,2045,Primary energy factor,1.0611616
AT,3_no_pol_ep_low_pef,START,Primary energy factor,1.4704746
AT,4_low_pol_co2_75,START,Primary energy factor,1.4704746
AT,5_low_pol_co2_75_low_pef,2030,Primary energy factor,1.3434464
AT,5_low_pol_co2_75_low_pef,2033,Primary energy factor,1.3011037
AT,5_low_pol_co2_75_low_pef,2035,Primary energy factor,1.2728752
AT,5_low_pol_co2_75_low_pef,2040,Primary energy factor,1.202304
AT,5_low_pol_co2_75_low_pef,2045,Primary energy factor,1.0611616
AT,5_low_pol_co2_75_low_pef,START,Primary energy factor,1.4704746
AT,6_co2_300,START,Primary energy factor,1.4704746
AT,7_co2_300_low_pef,2030,Primary energy factor,1.3434464
AT,7_co2_300_low_pef,2033,Primary energy factor,1.3011037
AT,7_co2_300_low_pef,2035,Primary energy factor,1.2728752
AT,7_co2_300_low_pef,2040,Primary energy factor,1.202304
AT,7_co2_300_low_pef,2045,Primary energy factor,1.0611616
AT,7_co2_300_low_pef,START,Primary energy factor,1.4704746
AT,8_nofoss_co2_75,START,Primary energy factor,1.4704746
AT,9_nofoss_co2_75_low_pef,2030,Primary energy factor,1.3434464
AT,9_nofoss_co2_75_low_pef,2033,Primary energy factor,1.3011037
AT,9_nofoss_co2_75_low_pef,2035,Primary energy factor,1.2728752
AT,9_nofoss_co2_75_low_pef,2040,Primary energy factor,1.202304
AT,9_nofoss_co2_75_low_pef,2045,Primary energy factor,1.0611616
AT,9_nofoss_co2_75_low_pef,START,Primary energy factor,1.4704746
BE,0_no_pol_cep,START,Primary energy factor,2.3333123
BE,1_no_pol_cep_low_pef,2030,Primary energy factor,1.973318
BE,1_no_pol_cep_low_pef,2033,Primary energy factor,1.8533199
BE,1_no_pol_cep_low_pef,2035,Primary energy factor,1.7733212
BE,1_no_pol_cep_low_pef,2040,Primary energy factor,1.5733243
BE,1_no_pol_cep_low_pef,2045,Primary energy factor,1.1733305
BE,1_no_pol_cep_low_pef,START,Primary energy factor,2.3333123
BE,2_no_pol_ep,START,Primary energy factor,2.3333123
BE,3_no_pol_ep_low_pef,2030,Primary energy factor,1.973318
BE,3_no_pol_ep_low_pef,2033,Primary energy factor,1.8533199
BE,3_no_pol_ep_low_pef,2035,Primary energy factor,1.7733212
BE,3_no_pol_ep_low_pef,2040,Primary energy factor,1.5733243
BE,3_no_pol_ep_low_pef,2045,Primary energy factor,1.1733305
BE,3_no_pol_ep_low_pef,START,Primary energy factor,2.3333123
BE,4_low_pol_co2_75,START,Primary energy factor,2.3333123
BE,5_low_pol_co2_75_low_pef,2030,Primary energy factor,1.973318
BE,5_low_pol_co2_75_low_pef,2033,Primary energy factor,1.8533199
BE,5_low_pol_co2_75_low_pef,2035,Primary energy factor,1.7733212
BE,5_low_pol_co2_75_low_pef,2040,Primary energy factor,1.5733243
BE,5_low_pol_co2_75_low_pef,2045,Primary energy factor,1.1733305
BE,5_low_pol_co2_75_low_pef,START,Primary energy factor,2.3333123
BE,6_co2_300,START,Primary energy factor,2.3333123
BE,7_co2_300_low_pef,2030,Primary energy factor,1.973318
BE,7_co2_300_low_pef,2033,Primary energy factor,1.8533199
BE,7_co2_300_low_pef,2035,Primary energy factor,1.7733212
BE,7_co2_300_low_pef,2040,Primary energy factor,1.5733243
BE,7_co2_300_low_pef,2045,Primary energy factor,1.1733305
BE,7_co2_300_low_pef,START,Primary energy factor,2.3333123
BE,8_nofoss_co2_75,START,Primary energy factor,2.3333123
BE,9_nofoss_co2_75_low_pef,2030,Primary energy factor,1.973318
BE,9_nofoss_co2_75_low_pef,2033,Primary energy factor,1.8533199
BE,9_nofoss_co2_75_low_pef,2035,Primary energy factor,1.7733212
BE,9_nofoss_co2_75_low_pef,2040,Primary energy factor,1.5733243
BE,9_nofoss_co2_75_low_pef,2045,Primary energy factor,1.1733305
BE,9_nofoss_co2_75_low_pef,START,Primary energy factor,2.3333123
BG,0_no_pol_cep,START,Primary energy factor,3.266178
BG,1_no_pol_cep_low_pef,2030,Primary energy factor,2.6543097
BG,1_no_pol_cep_low_pef,2033,Primary energy factor,2.4503539
BG,1_no_pol_cep_low_pef,2035,Primary energy factor,2.3143833
BG,1_no_pol_cep_low_pef,2040,Primary energy factor,1.9744564
BG,1_no_pol_cep_low_pef,2045,Primary energy factor,1.2946031
BG,1_no_pol_cep_low_pef,START,Primary energy factor,3.266178
BG,2_no_pol_ep,START,Primary energy factor,3.266178
BG,3_no_pol_ep_low_pef,2030,Primary energy factor,2.6543097
BG,3_no_pol_ep_low_pef,2033,Primary energy factor,2.4503539
BG,3_no_pol_ep_low_pef,2035,Primary energy factor,2.3143833
BG,3_no_pol_ep_low_pef,2040,Primary energy factor,1.9744564
BG,3_no_pol_ep_low_pef,2045,Primary energy factor,1.2946031
BG,3_no_pol_ep_low_pef,START,Primary energy factor,3.266178
BG,4_low_pol_co2_75,START,Primary energy factor,3.266178
BG,5_low_pol_co2_75_low_pef,2030,Primary energy factor,2.6543097
BG,5_low_pol_co2_75_low_pef,2033,Primary energy factor,2.4503539
BG,5_low_pol_co2_75_low_pef,2035,Primary energy factor,2.3143833
BG,5_low_pol_co2_75_low_pef,2040,Primary energy factor,1.9744564
BG,5_low_pol_co2_75_low_pef,2045,Primary energy factor,1.2946031
BG,5_low_pol_co2_75_low_pef,START,Primary energy factor,3.266178
BG,6_co2_300,START,Primary energy factor,3.266178
BG,7_co2_300_low_pef,2030,Primary energy factor,2.6543097
BG,7_co2_300_low_pef,2033,Primary energy factor,2.4503539
BG,7_co2_300_low_pef,2035,Primary energy factor,2.3143833
BG,7_co2_300_low_pef,2040,Primary energy factor,1.9744564
BG,7_co2_300_low_pef,2045,Primary energy factor,1.2946031
BG,7_co2_300_low_pef,START,Primary energy factor,3.266178
BG,8_nofoss_co2_75,START,Primary energy factor,3.266178
BG,9_nofoss_co2_75_low_pef,2030,Primary energy factor,2.6543097
BG,9_nofoss_co2_75_low_pef,2033,Primary energy factor,2.4503539
BG,9_nofoss_co2_75_low_pef,2035,Primary energy factor,2.3143833
BG,9_nofoss_co2_75_low_pef,2040,Primary energy factor,1.9744564
BG,9_nofoss_co2_75_low_pef,2045,Primary energy factor,1.2946031
BG,9_nofoss_co2_75_low_pef,START,Primary energy factor,3.266178
CY,0_no_pol_cep,START,Primary energy factor,2.8701408
CY,1_no_pol_cep_low_pef,2030,Primary energy factor,2.3652027
CY,1_no_pol_cep_low_pef,2033,Primary energy factor,2.19689
CY,1_no_pol_cep_low_pef,2035,Primary energy factor,2.0846815
CY,1_no_pol_cep_low_pef,2040,Primary energy factor,1.8041605
CY,1_no_pol_cep_low_pef,2045,Primary energy factor,1.2431183
CY,1_no_pol_cep_low_pef,START,Primary energy factor,2.8701408
CY,2_no_pol_ep,START,Primary energy factor,2.8701408
CY,3_no_pol_ep_low_pef,2030,Primary energy factor,2.3652027
CY,3_no_pol_ep_low_pef,2033,Primary energy factor,2.19689
CY,3_no_pol_ep_low_pef,2035,Primary energy factor,2.0846815
CY,3_no_pol_ep_low_pef,2040,Primary energy factor,1.8041605
CY,3_no_pol_ep_low_pef,2045,Primary energy factor,1.2431183
CY,3_no_pol_ep_low_pef,START,Primary energy factor,2.8701408
CY,4_low_pol_co2_75,START,Primary energy factor,2.8701408
CY,5_low_pol_co2_75_low_pef,2030,Primary energy factor,2.3652027
CY,5_low_pol_co2_75_low_pef,2033,Primary energy factor,2.19689
CY,5_low_pol_co2_75_low_pef,2035,Primary energy factor,2.0846815
CY,5_low_pol_co2_75_low_pef,2040,Primary energy factor,1.8041605
CY,5_low_pol_co2_75_low_pef,2045,Primary energy factor,1.2431183
CY,5_low_pol_co2_75_low_pef,START,Primary energy factor,2.8701408
CY,6_co2_300,START,Primary energy factor,2.8701408
CY,7_co2_300_low_pef,2030,Primary energy factor,2.3652027
CY,7_co2_300_low_pef,2033,Primary energy factor,2.19689
CY,7_co2_300_low_pef,2035,Primary energy factor,2.0846815
CY,7_co2_300_low_pef,2040,Primary energy factor,1.8041605
CY,7_co2_300_low_pef,2045,Primary energy factor,1.2431183
CY,7_co2_300_low_pef,START,Primary energy factor,2.8701408
CY,8_nofoss_co2_75,START,Primary energy factor,2.8701408
CY,9_nofoss_co2_75_low_pef,2030,Primary energy factor,2.3652027
CY,9_nofoss_co2_75_low_pef,2033,Primary energy factor,2.19689
CY,9_nofoss_co2_75_low_pef,2035,Primary energy factor,2.0846815
CY,9_nofoss_co2_75_low_pef,2040,Primary energy factor,1.8041605
CY,9_nofoss_co2_75_low_pef,2045,Primary energy factor,1.2431183
CY,9_nofoss_co2_75_low_pef,START,Primary energy factor,2.8701408
CZ,0_no_pol_cep,START,Primary energy factor,3.1536689
CZ,1_no_pol_cep_low_pef,2030,Primary energy factor,2.5721784
CZ,1_no_pol_cep_low_pef,2033,Primary energy factor,2.378348
CZ,1_no_pol_cep_low_pef,2035,Primary energy factor,2.2491279
CZ,1_no_pol_cep_low_pef,2040,Primary energy factor,1.9260776
CZ,1_no_pol_cep_low_pef,2045,Primary energy factor,1.279977
CZ,1_no_pol_cep_low_pef,START,Primary energy factor,3.1536689
CZ,2_no_pol_ep,START,Primary energy factor,3.1536689
CZ,3_no_pol_ep_low_pef,2030,Primary energy factor,2.5721784
CZ,3_no_pol_ep_low_pef,2033,Primary energy factor,2.378348
CZ,3_no_pol_ep_low_pef,2035,Primary energy factor,2.2491279
CZ,3_no_pol_ep_low_pef,2040,Primary energy factor,1.9260776
CZ,3_no_pol_ep_low_pef,2045,Primary energy factor,1.279977
CZ,3_no_pol_ep_low_pef,START,Primary energy factor,3.1536689
CZ,4_low_pol_co2_75,START,Primary energy factor,3.1536689
CZ,5_low_pol_co2_75_low_pef,2030,Primary energy factor,2.5721784
CZ,5_low_pol_co2_75_low_pef,2033,Primary energy factor,2.378348
CZ,5_low_pol_co2_75_low_pef,2035,Primary energy factor,2.2491279
CZ,5_low_pol_co2_75_low_pef,2040,Primary energy factor,1.9260776
CZ,5_low_pol_co2_75_low_pef,2045,Primary energy factor,1.279977
CZ,5_low_pol_co2_75_low_pef,START,Primary energy factor,3.1536689
CZ,6_co2_300,START,Primary energy factor,3.1536689
CZ,7_co2_300_low_pef,2030,Primary energy factor,2.5721784
CZ,7_co2_300_low_pef,2033,Primary energy factor,2.378348
CZ,7_co2_300_low_pef,2035,Primary energy factor,2.2491279
CZ,7_co2_300_low_pef,2040,Primary energy factor,1.9260776
CZ,7_co2_300_low_pef,2045,Primary energy factor,1.279977
CZ,7_co2_300_low_pef,START,Primary energy factor,3.1536689
CZ,8_nofoss_co2_75,START,Primary energy factor,3.1536689
CZ,9_nofoss_co2_75_low_pef,2030,Primary energy factor,2.5721784
CZ,9_nofoss_co2_75_low_pef,2033,Primary energy factor,2.378348
CZ,9_nofoss_co2_75_low_pef,2035,Primary energy factor,2.2491279
CZ,9_nofoss_co2_75_low_pef,2040,Primary energy factor,1.9260776
CZ,9_nofoss_co2_75_low_pef,2045,Primary energy factor,1.279977
CZ,9_nofoss_co2_75_low_pef,START,Primary energy factor,3.1536689
DE,0_no_pol_cep,START,Primary energy factor,1.3469805
DE,1_no_pol_cep_low_pef,2030,Primary energy factor,1.3469805
DE,1_no_pol_cep_low_pef,2033,Primary energy factor,1.3469805
DE,1_no_pol_cep_low_pef,2035,Primary energy factor,1.3469805
DE,1_no_pol_cep_low_pef,2040,Primary energy factor,1.3469805
DE,1_no_pol_cep_low_pef,2045,Primary energy factor,1.3469805
DE,1_no_pol_cep_low_pef,START,Primary energy factor,1.3469805
DE,2_no_pol_ep,START,Primary energy factor,1.3469805
DE,3_no_pol_ep_low_pef,2030,Primary energy factor,1.3469805
DE,3_no_pol_ep_low_pef,2033,Primary energy factor,1.3469805
DE,3_no_pol_ep_low_pef,2035,Primary energy factor,1.3469805
DE,3_no_pol_ep_low_pef,2040,Primary energy factor,1.3469805
DE,3_no_pol_ep_low_pef,2045,Primary energy factor,1.3469805
DE,3_no_pol_ep_low_pef,START,Primary energy factor,1.3469805
DE,4_low_pol_co2_75,START,Primary energy factor,1.3469805
DE,5_low_pol_co2_75_low_pef,2030,Primary energy factor,1.3469805
DE,5_low_pol_co2_75_low_pef,2033,Primary energy factor,1.3469805
DE,5_low_pol_co2_75_low_pef,2035,Primary energy factor,1.3469805
DE,5_low_pol_co2_75_low_pef,2040,Primary energy factor,1.3469805
DE,5_low_pol_co2_75_low_pef,2045,Primary energy factor,1.3469805
DE,5_low_pol_co2_75_low_pef,START,Primary energy factor,1.3469805
DE,6_co2_300,START,Primary energy factor,1.3469805
DE,7_co2_300_low_pef,2030,Primary energy factor,1.3469805
DE,7_co2_300_low_pef,2033,Primary energy factor,1.3469805
DE,7_co2_300_low_pef,2035,Primary energy factor,1.3469805
DE,7_co2_300_low_pef,2040,Primary energy factor,1.3469805
DE,7_co2_300_low_pef,2045,Primary energy factor,1.3469805
DE,7_co2_300_low_pef,START,Primary energy factor,1.3469805
DE,8_nofoss_co2_75,START,Primary energy factor,1.3469805
DE,9_nofoss_co2_75_low_pef,2030,Primary energy factor,1.3469805
DE,9_nofoss_co2_75_low_pef,2033,Primary energy factor,1.3469805
DE,9_nofoss_co2_75_low_pef,2035,Primary energy factor,1.3469805
DE,9_nofoss_co2_75_low_pef,2040,Primary energy factor,1.3469805
DE,9_nofoss_co2_75_low_pef,2045,Primary energy factor,1.3469805
DE,9_nofoss_co2_75_low_pef,START,Primary energy factor,1.3469805
DK,0_no_pol_cep,START,Primary energy factor,1.542157
DK,1_no_pol_cep_low_pef,2030,Primary energy factor,1.3957746
DK,1_no_pol_cep_low_pef,2033,Primary energy factor,1.3469805
DK,1_no_pol_cep_low_pef,2035,Primary energy factor,1.3144511
DK,1_no_pol_cep_low_pef,2040,Primary energy factor,1.2331275
DK,1_no_pol_cep_low_pef,2045,Primary energy factor,1.0704805
DK,1_no_pol_cep_low_pef,START,Primary energy factor,1.542157
DK,2_no_pol_ep,START,Primary energy factor,1.542157
DK,3_no_pol_ep_low_pef,2030,Primary energy factor,1.3957746
DK,3_no_pol_ep_low_pef,2033,Primary energy factor,1.3469805
DK,3_no_pol_ep_low_pef,2035,Primary energy factor,1.3144511
DK,3_no_pol_ep_low_pef,2040,Primary energy factor,1.2331275
DK,3_no_pol_ep_low_pef,2045,Primary energy factor,1.0704805
DK,3_no_pol_ep_low_pef,START,Primary energy factor,1.542157
DK,4_low_pol_co2_75,START,Primary energy factor,1.542157
DK,5_low_pol_co2_75_low_pef,2030,Primary energy factor,1.3957746
DK,5_low_pol_co2_75_low_pef,2033,Primary energy factor,1.3469805
DK,5_low_pol_co2_75_low_pef,2035,Primary energy factor,1.3144511
DK,5_low_pol_co2_75_low_pef,2040,Primary energy factor,1.2331275
DK,5_low_pol_co2_75_low_pef,2045,Primary energy factor,1.0704805
DK,5_low_pol_co2_75_low_pef,START,Primary energy factor,1.542157
DK,6_co2_300,START,Primary energy factor,1.542157
DK,7_co2_300_low_pef,2030,Primary energy factor,1.3957746
DK,7_co2_300_low_pef,2033,Primary energy factor,1.3469805
DK,7_co2_300_low_pef,2035,Primary energy factor,1.3144511
DK,7_co2_300_low_pef,2040,Primary energy factor,1.2331275
DK,7_co2_300_low_pef,2045,Primary energy factor,1.0704805
DK,7_co2_300_low_pef,START,Primary energy factor,1.542157
DK,8_nofoss_co2_75,START,Primary energy factor,1.542157
DK,9_nofoss_co2_75_low_pef,2030,Primary energy factor,1.3957746
DK,9_nofoss_co2_75_low_pef,2033,Primary energy factor,1.3469805
DK,9_nofoss_co2_75_low_pef,2035,Primary energy factor,1.3144511
DK,9_nofoss_co2_75_low_pef,2040,Primary energy factor,1.2331275
DK,9_nofoss_co2_75_low_pef,2045,Primary energy factor,1.0704805
DK,9_nofoss_co2_75_low_pef,START,Primary energy factor,1.542157
ES,0_no_pol_cep,START,Primary energy factor,2.1869974
ES,1_no_pol_cep_low_pef,2030,Primary energy factor,1.866508
ES,1_no_pol_cep_low_pef,2033,Primary energy factor,1.7596782
ES,1_no_pol_cep_low_pef,2035,Primary energy factor,1.6884584
ES,1_no_pol_cep_low_pef,2040,Primary energy factor,1.5104089
ES,1_no_pol_cep_low_pef,2045,Primary energy factor,1.1543096
ES,1_no_pol_cep_low_pef,START,Primary energy factor,2.1869974
ES,2_no_pol_ep,START,Primary energy factor,2.1869974
ES,3_no_pol_ep_low_pef,2030,Primary energy factor,1.866508
ES,3_no_pol_ep_low_pef,2033,Primary energy factor,1.7596782
ES,3_no_pol_ep_low_pef,2035,Primary energy factor,1.6884584
ES,3_no_pol_ep_low_pef,2040,Primary energy factor,1.5104089
ES,3_no_pol_ep_low_pef,2045,Primary energy factor,1.1543096
ES,3_no_pol_ep_low_pef,START,Primary energy factor,2.1869974
ES,4_low_pol_co2_75,START,Primary energy factor,2.1869974
ES,5_low_pol_co2_75_low_pef,2030,Primary energy factor,1.866508
ES,5_low_pol_co2_75_low_pef,2033,Primary energy factor,1.7596782
ES,5_low_pol_co2_75_low_pef,2035,Primary energy factor,1.6884584
ES,5_low_pol_co2_75_low_pef,2040,Primary energy factor,1.5104089
ES,5_low_pol_co2_75_low_pef,2045,Primary energy factor,1.1543096
ES,5_low_pol_co2_75_low_pef,START,Primary energy factor,2.1869974
ES,6_co2_300,START,Primary energy factor,2.1869974
ES,7_co2_300_low_pef,2030,Primary energy factor,1.866508
ES,7_co2_300_low_pef,2033,Primary energy factor,1.7596782
ES,7_co2_300_low_pef,2035,Primary energy factor,1.6884584
ES,7_co2_300_low_pef,2040,Primary energy factor,1.5104089
ES,7_co2_300_low_pef,2045,Primary energy factor,1.1543096
ES,7_co2_300_low_pef,START,Primary energy factor,2.1869974
ES,8_nofoss_co2_75,START,Primary energy factor,2.1869974
ES,9_nofoss_co2_75_low_pef,2030,Primary energy factor,1.866508
ES,9_nofoss_co2_75_low_pef,2033,Primary energy factor,1.7596782
ES,9_nofoss_co2_75_low_pef,2035,Primary energy factor,1.6884584
ES,9_nofoss_co2_75_low_pef,2040,Primary energy factor,1.5104089
ES,9_nofoss_co2_75_low_pef,2045,Primary energy factor,1.1543096
ES,9_nofoss_co2_75_low_pef,START,Primary energy factor,2.1869974
EE,0_no_pol_cep,START,Primary energy factor,2.9272263
EE,1_no_pol_cep_low_pef,2030,Primary energy factor,2.4068751
EE,1_no_pol_cep_low_pef,2033,Primary energy factor,2.233425
EE,1_no_pol_cep_low_pef,2035,Primary energy factor,2.1177912
EE,1_no_pol_cep_low_pef,2040,Primary energy factor,1.8287073
EE,1_no_pol_cep_low_pef,2045,Primary energy factor,1.2505394
EE,1_no_pol_cep_low_pef,START,Primary energy factor,2.9272263
EE,2_no_pol_ep,START,Primary energy factor,2.9272263
EE,3_no_pol_ep_low_pef,2030,Primary energy factor,2.4068751
EE,3_no_pol_ep_low_pef,2033,Primary energy factor,2.233425
EE,3_no_pol_ep_low_pef,2035,Primary energy factor,2.1177912
EE,3_no_pol_ep_low_pef,2040,Primary energy factor,1.8287073
EE,3_no_pol_ep_low_pef,2045,Primary energy factor,1.2505394
EE,3_no_pol_ep_low_pef,START,Primary energy factor,2.9272263
EE,4_low_pol_co2_75,START,Primary energy factor,2.9272263
EE,5_low_pol_co2_75_low_pef,2030,Primary energy factor,2.4068751
EE,5_low_pol_co2_75_low_pef,2033,Primary energy factor,2.233425
EE,5_low_pol_co2_75_low_pef,2035,Primary energy factor,2.1177912
EE,5_low_pol_co2_75_low_pef,2040,Primary energy factor,1.8287073
EE,5_low_pol_co2_75_low_pef,2045,Primary energy factor,1.2505394
EE,5_low_pol_co2_75_low_pef,START,Primary energy factor,2.9272263
EE,6_co2_300,START,Primary energy factor,2.9272263
EE,7_co2_300_low_pef,2030,Primary energy factor,2.4068751
EE,7_co2_300_low_pef,2033,Primary energy factor,2.233425
EE,7_co2_300_low_pef,2035,Primary energy factor,2.1177912
EE,7_co2_300_low_pef,2040,Primary energy factor,1.8287073
EE,7_co2_300_low_pef,2045,Primary energy factor,1.2505394
EE,7_co2_300_low_pef,START,Primary energy factor,2.9272263
EE,8_nofoss_co2_75,START,Primary energy factor,2.9272263
EE,9_nofoss_co2_75_low_pef,2030,Primary energy factor,2.4068751
EE,9_nofoss_co2_75_low_pef,2033,Primary energy factor,2.233425
EE,9_nofoss_co2_75_low_pef,2035,Primary energy factor,2.1177912
EE,9_nofoss_co2_75_low_pef,2040,Primary energy factor,1.8287073
EE,9_nofoss_co2_75_low_pef,2045,Primary energy factor,1.2505394
EE,9_nofoss_co2_75_low_pef,START,Primary energy factor,2.9272263
FI,0_no_pol_cep,START,Primary energy factor,2.0228815
FI,1_no_pol_cep_low_pef,2030,Primary energy factor,1.7467035
FI,1_no_pol_cep_low_pef,2033,Primary energy factor,1.6546443
FI,1_no_pol_cep_low_pef,2035,Primary energy factor,1.5932714
FI,1_no_pol_cep_low_pef,2040,Primary energy factor,1.4398391
FI,1_no_pol_cep_low_pef,2045,Primary energy factor,1.1329746
FI,1_no_pol_cep_low_pef,START,Primary energy factor,2.0228815
FI,2_no_pol_ep,START,Primary energy factor,2.0228815
FI,3_no_pol_ep_low_pef,2030,Primary energy factor,1.7467035
FI,3_no_pol_ep_low_pef,2033,Primary energy factor,1.6546443
FI,3_no_pol_ep_low_pef,2035,Primary energy factor,1.5932714
FI,3_no_pol_ep_low_pef,2040,Primary energy factor,1.4398391
FI,3_no_pol_ep_low_pef,2045,Primary energy factor,1.1329746
FI,3_no_pol_ep_low_pef,START,Primary energy factor,2.0228815
FI,4_low_pol_co2_75,START,Primary energy factor,2.0228815
FI,5_low_pol_co2_75_low_pef,2030,Primary energy factor,1.7467035
FI,5_low_pol_co2_75_low_pef,2033,Primary energy factor,1.6546443
FI,5_low_pol_co2_75_low_pef,2035,Primary energy factor,1.5932714
FI,5_low_pol_co2_75_low_pef,2040,Primary energy factor,1.4398391
FI,5_low_pol_co2_75_low_pef,2045,Primary energy factor,1.1329746
FI,5_low_pol_co2_75_low_pef,START,Primary energy factor,2.0228815
FI,6_co2_300,START,Primary energy factor,2.0228815
FI,7_co2_300_low_pef,2030,Primary energy factor,1.7467035
FI,7_co2_300_low_pef,2033,Primary energy factor,1.6546443
FI,7_co2_300_low_pef,2035,Primary energy factor,1.5932714
FI,7_co2_300_low_pef,2040,Primary energy factor,1.4398391
FI,7_co2_300_low_pef,2045,Primary energy factor,1.1329746
FI,7_co2_300_low_pef,START,Primary energy factor,2.0228815
FI,8_nofoss_co2_75,START,Primary energy factor,2.0228815
FI,9_nofoss_co2_75_low_pef,2030,Primary energy factor,1.7467035
FI,9_nofoss_co2_75_low_pef,2033,Primary energy factor,1.6546443
FI,9_nofoss_co2_75_low_pef,2035,Primary energy factor,1.5932714
FI,9_nofoss_co2_75_low_pef,2040,Primary energy factor,1.4398391
FI,9_nofoss_co2_75_low_pef,2045,Primary energy factor,1.1329746
FI,9_nofoss_co2_75_low_pef,START,Primary energy factor,2.0228815
FR,0_no_pol_cep,START,Primary energy factor,2.8679066
FR,1_no_pol_cep_low_pef,2030,Primary energy factor,2.363572
FR,1_no_pol_cep_low_pef,2033,Primary energy factor,2.1954603
FR,1_no_pol_cep_low_pef,2035,Primary energy factor,2.083386
FR,1_no_pol_cep_low_pef,2040,Primary energy factor,1.8031999
FR,1_no_pol_cep_low_pef,2045,Primary energy factor,1.2428279
FR,1_no_pol_cep_low_pef,START,Primary energy factor,2.8679066
FR,2_no_pol_ep,START,Primary energy factor,2.8679066
FR,3_no_pol_ep_low_pef,2030,Primary energy factor,2.363572
FR,3_no_pol_ep_low_pef,2033,Primary energy factor,2.1954603
FR,3_no_pol_ep_low_pef,2035,Primary energy factor,2.083386
FR,3_no_pol_ep_low_pef,2040,Primary energy factor,1.8031999
FR,3_no_pol_ep_low_pef,2045,Primary energy factor,1.2428279
FR,3_no_pol_ep_low_pef,START,Primary energy factor,2.8679066
FR,4_low_pol_co2_75,START,Primary energy factor,2.8679066
FR,5_low_pol_co2_75_low_pef,2030,Primary energy factor,2.363572
FR,5_low_pol_co2_75_low_pef,2033,Primary energy factor,2.1954603
FR,5_low_pol_co2_75_low_pef,2035,Primary energy factor,2.083386
FR,5_low_pol_co2_75_low_pef,2040,Primary energy factor,1.8031999
FR,5_low_pol_co2_75_low_pef,2045,Primary energy factor,1.2428279
FR,5_low_pol_co2_75_low_pef,START,Primary energy factor,2.8679066
FR,6_co2_300,START,Primary energy factor,2.8679066
FR,7_co2_300_low_pef,2030,Primary energy factor,2.363572
FR,7_co2_300_low_pef,2033,Primary energy factor,2.1954603
FR,7_co2_300_low_pef,2035,Primary energy factor,2.083386
FR,7_co2_300_low_pef,2040,Primary energy factor,1.8031999
FR,7_co2_300_low_pef,2045,Primary energy factor,1.2428279
FR,7_co2_300_low_pef,START,Primary energy factor,2.8679066
FR,8_nofoss_co2_75,START,Primary energy factor,2.8679066
FR,9_nofoss_co2_75_low_pef,2030,Primary energy factor,2.363572
FR,9_nofoss_co2_75_low_pef,2033,Primary energy factor,2.1954603
FR,9_nofoss_co2_75_low_pef,2035,Primary energy factor,2.083386
FR,9_nofoss_co2_75_low_pef,2040,Primary energy factor,1.8031999
FR,9_nofoss_co2_75_low_pef,2045,Primary energy factor,1.2428279
FR,9_nofoss_co2_75_low_pef,START,Primary energy factor,2.8679066
GR,0_no_pol_cep,START,Primary energy factor,2.3169732
GR,1_no_pol_cep_low_pef,2030,Primary energy factor,1.9613905
GR,1_no_pol_cep_low_pef,2033,Primary energy factor,1.842863
GR,1_no_pol_cep_low_pef,2035,Primary energy factor,1.7638445
GR,1_no_pol_cep_low_pef,2040,Primary energy factor,1.5662985
GR,1_no_pol_cep_low_pef,2045,Primary energy factor,1.1712065
GR,1_no_pol_cep_low_pef,START,Primary energy factor,2.3169732
GR,2_no_pol_ep,START,Primary energy factor,2.3169732
GR,3_no_pol_ep_low_pef,2030,Primary energy factor,1.9613905
GR,3_no_pol_ep_low_pef,2033,Primary energy factor,1.842863
GR,3_no_pol_ep_low_pef,2035,Primary energy factor,1.7638445
GR,3_no_pol_ep_low_pef,2040,Primary energy factor,1.5662985
GR,3_no_pol_ep_low_pef,2045,Primary energy factor,1.1712065
GR,3_no_pol_ep_low_pef,START,Primary energy factor,2.3169732
GR,4_low_pol_co2_75,START,Primary energy factor,2.3169732
GR,5_low_pol_co2_75_low_pef,2030,Primary energy factor,1.9613905
GR,5_low_pol_co2_75_low_pef,2033,Primary energy factor,1.842863
GR,5_low_pol_co2_75_low_pef,2035,Primary energy factor,1.7638445
GR,5_low_pol_co2_75_low_pef,2040,Primary energy factor,1.5662985
GR,5_low_pol_co2_75_low_pef,2045,Primary energy factor,1.1712065
GR,5_low_pol_co2_75_low_pef,START,Primary energy factor,2.3169732
GR,6_co2_300,START,Primary energy factor,2.3169732
GR,7_co2_300_low_pef,2030,Primary energy factor,1.9613905
GR,7_co2_300_low_pef,2033,Primary energy factor,1.842863
GR,7_co2_300_low_pef,2035,Primary energy factor,1.7638445
GR,7_co2_300_low_pef,2040,Primary energy factor,1.5662985
GR,7_co2_300_low_pef,2045,Primary energy factor,1.1712065
GR,7_co2_300_low_pef,START,Primary energy factor,2.3169732
GR,8_nofoss_co2_75,START,Primary energy factor,2.3169732
GR,9_nofoss_co2_75_low_pef,2030,Primary energy factor,1.9613905
GR,9_nofoss_co2_75_low_pef,2033,Primary energy factor,1.842863
GR,9_nofoss_co2_75_low_pef,2035,Primary energy factor,1.7638445
GR,9_nofoss_co2_75_low_pef,2040,Primary energy factor,1.5662985
GR,9_nofoss_co2_75_low_pef,2045,Primary energy factor,1.1712065
GR,9_nofoss_co2_75_low_pef,START,Primary energy factor,2.3169732
HR,0_no_pol_cep,START,Primary energy factor,1.7829571
HR,1_no_pol_cep_low_pef,2030,Primary energy factor,1.5715586
HR,1_no_pol_cep_low_pef,2033,Primary energy factor,1.5010926
HR,1_no_pol_cep_low_pef,2035,Primary energy factor,1.454115
HR,1_no_pol_cep_low_pef,2040,Primary energy factor,1.3366715
HR,1_no_pol_cep_low_pef,2045,Primary energy factor,1.1017845
HR,1_no_pol_cep_low_pef,START,Primary energy factor,1.7829571
HR,2_no_pol_ep,START,Primary energy factor,1.7829571
HR,3_no_pol_ep_low_pef,2030,Primary energy factor,1.5715586
HR,3_no_pol_ep_low_pef,2033,Primary energy factor,1.5010926
HR,3_no_pol_ep_low_pef,2035,Primary energy factor,1.454115
HR,3_no_pol_ep_low_pef,2040,Primary energy factor,1.3366715
HR,3_no_pol_ep_low_pef,2045,Primary energy factor,1.1017845
HR,3_no_pol_ep_low_pef,START,Primary energy factor,1.7829571
HR,4_low_pol_co2_75,START,Primary energy factor,1.7829571
HR,5_low_pol_co2_75_low_pef,2030,Primary energy factor,1.5715586
HR,5_low_pol_co2_75_low_pef,2033,Primary energy factor,1.5010926
HR,5_low_pol_co2_75_low_pef,2035,Primary energy factor,1.454115
HR,5_low_pol_co2_75_low_pef,2040,Primary energy factor,1.3366715
HR,5_low_pol_co2_75_low_pef,2045,Primary energy factor,1.1017845
HR,5_low_pol_co2_75_low_pef,START,Primary energy factor,1.7829571
HR,6_co2_300,START,Primary energy factor,1.7829571
HR,7_co2_300_low_pef,2030,Primary energy factor,1.5715586
HR,7_co2_300_low_pef,2033,Primary energy factor,1.5010926
HR,7_co2_300_low_pef,2035,Primary energy factor,1.454115
HR,7_co2_300_low_pef,2040,Primary energy factor,1.3366715
HR,7_co2_300_low_pef,2045,Primary energy factor,1.1017845
HR,7_co2_300_low_pef,START,Primary energy factor,1.7829571
HR,8_nofoss_co2_75,START,Primary energy factor,1.7829571
HR,9_nofoss_co2_75_low_pef,2030,Primary energy factor,1.5715586
HR,9_nofoss_co2_75_low_pef,2033,Primary energy factor,1.5010926
HR,9_nofoss_co2_75_low_pef,2035,Primary energy factor,1.454115
HR,9_nofoss_co2_75_low_pef,2040,Primary energy factor,1.3366715
HR,9_nofoss_co2_75_low_pef,2045,Primary energy factor,1.1017845
HR,9_nofoss_co2_75_low_pef,START,Primary energy factor,1.7829571
HU,0_no_pol_cep,START,Primary energy factor,2.8427587
HU,1_no_pol_cep_low_pef,2030,Primary energy factor,2.345214
HU,1_no_pol_cep_low_pef,2033,Primary energy factor,2.1793656
HU,1_no_pol_cep_low_pef,2035,Primary energy factor,2.0688
HU,1_no_pol_cep_low_pef,2040,Primary energy factor,1.7923863
HU,1_no_pol_cep_low_pef,2045,Primary energy factor,1.2395586
HU,1_no_pol_cep_low_pef,START,Primary energy factor,2.8427587
HU,2_no_pol_ep,START,Primary energy factor,2.8427587
HU,3_no_pol_ep_low_pef,2030,Primary energy factor,2.345214
HU,3_no_pol_ep_low_pef,2033,Primary energy factor,2.1793656
HU,3_no_pol_ep_low_pef,2035,Primary energy factor,2.0688
HU,3_no_pol_ep_low_pef,2040,Primary energy factor,1.7923863
HU,3_no_pol_ep_low_pef,2045,Primary energy factor,1.2395586
HU,3_no_pol_ep_low_pef,START,Primary energy factor,2.8427587
HU,4_low_pol_co2_75,START,Primary energy factor,2.8427587
HU,5_low_pol_co2_75_low_pef,2030,Primary energy factor,2.345214
HU,5_low_pol_co2_75_low_pef,2033,Primary energy factor,2.1793656
HU,5_low_pol_co2_75_low_pef,2035,Primary energy factor,2.0688
HU,5_low_pol_co2_75_low_pef,2040,Primary energy factor,1.7923863
HU,5_low_pol_co2_75_low_pef,2045,Primary energy factor,1.2395586
HU,5_low_pol_co2_75_low_pef,START,Primary energy factor,2.8427587
HU,6_co2_300,START,Primary energy factor,2.8427587
HU,7_co2_300_low_pef,2030,Primary energy factor,2.345214
HU,7_co2_300_low_pef,2033,Primary energy factor,2.1793656
HU,7_co2_300_low_pef,2035,Primary energy factor,2.0688
HU,7_co2_300_low_pef,2040,Primary energy factor,1.7923863
HU,7_co2_300_low_pef,2045,Primary energy factor,1.2395586
HU,7_co2_300_low_pef,START,Primary energy factor,2.8427587
HU,8_nofoss_co2_75,START,Primary energy factor,2.8427587
HU,9_nofoss_co2_75_low_pef,2030,Primary energy factor,2.345214
HU,9_nofoss_co2_75_low_pef,2033,Primary energy factor,2.1793656
HU,9_nofoss_co2_75_low_pef,2035,Primary energy factor,2.0688
HU,9_nofoss_co2_75_low_pef,2040,Primary energy factor,1.7923863
HU,9_nofoss_co2_75_low_pef,2045,Primary energy factor,1.2395586
HU,9_nofoss_co2_75_low_pef,START,Primary energy factor,2.8427587
IE,0_no_pol_cep,START,Primary energy factor,1.9540254
IE,1_no_pol_cep_low_pef,2030,Primary energy factor,1.6964386
IE,1_no_pol_cep_low_pef,2033,Primary energy factor,1.6105763
IE,1_no_pol_cep_low_pef,2035,Primary energy factor,1.5533347
IE,1_no_pol_cep_low_pef,2040,Primary energy factor,1.4102309
IE,1_no_pol_cep_low_pef,2045,Primary energy factor,1.1240233
IE,1_no_pol_cep_low_pef,START,Primary energy factor,1.9540254
IE,2_no_pol_ep,START,Primary energy factor,1.9540254
IE,3_no_pol_ep_low_pef,2030,Primary energy factor,1.6964386
IE,3_no_pol_ep_low_pef,2033,Primary energy factor,1.6105763
IE,3_no_pol_ep_low_pef,2035,Primary energy factor,1.5533347
IE,3_no_pol_ep_low_pef,2040,Primary energy factor,1.4102309
IE,3_no_pol_ep_low_pef,2045,Primary energy factor,1.1240233
IE,3_no_pol_ep_low_pef,START,Primary energy factor,1.9540254
IE,4_low_pol_co2_75,START,Primary energy factor,1.9540254
IE,5_low_pol_co2_75_low_pef,2030,Primary energy factor,1.6964386
IE,5_low_pol_co2_75_low_pef,2033,Primary energy factor,1.6105763
IE,5_low_pol_co2_75_low_pef,2035,Primary energy factor,1.5533347
IE,5_low_pol_co2_75_low_pef,2040,Primary energy factor,1.4102309
IE,5_low_pol_co2_75_low_pef,2045,Primary energy factor,1.1240233
IE,5_low_pol_co2_75_low_pef,START,Primary energy factor,1.9540254
IE,6_co2_300,START,Primary energy factor,1.9540254
IE,7_co2_300_low_pef,2030,Primary energy factor,1.6964386
IE,7_co2_300_low_pef,2033,Primary energy factor,1.6105763
IE,7_co2_300_low_pef,2035,Primary energy factor,1.5533347
IE,7_co2_300_low_pef,2040,Primary energy factor,1.4102309
IE,7_co2_300_low_pef,2045,Primary energy factor,1.1240233
IE,7_co2_300_low_pef,START,Primary energy factor,1.9540254
IE,8_nofoss_co2_75,START,Primary energy factor,1.9540254
IE,9_nofoss_co2_75_low_pef,2030,Primary energy factor,1.6964386
IE,9_nofoss_co2_75_low_pef,2033,Primary energy factor,1.6105763
IE,9_nofoss_co2_75_low_pef,2035,Primary energy factor,1.5533347
IE,9_nofoss_co2_75_low_pef,2040,Primary energy factor,1.4102309
IE,9_nofoss_co2_75_low_pef,2045,Primary energy factor,1.1240233
IE,9_nofoss_co2_75_low_pef,START,Primary energy factor,1.9540254
IT,0_no_pol_cep,START,Primary energy factor,2.0204804
IT,1_no_pol_cep_low_pef,2030,Primary energy factor,1.7449507
IT,1_no_pol_cep_low_pef,2033,Primary energy factor,1.6531074
IT,1_no_pol_cep_low_pef,2035,Primary energy factor,1.5918787
IT,1_no_pol_cep_low_pef,2040,Primary energy factor,1.4388065
IT,1_no_pol_cep_low_pef,2045,Primary energy factor,1.1326624
IT,1_no_pol_cep_low_pef,START,Primary energy factor,2.0204804
IT,2_no_pol_ep,START,Primary energy factor,2.0204804
IT,3_no_pol_ep_low_pef,2030,Primary energy factor,1.7449507
IT,3_no_pol_ep_low_pef,2033,Primary energy factor,1.6531074
IT,3_no_pol_ep_low_pef,2035,Primary energy factor,1.5918787
IT,3_no_pol_ep_low_pef,2040,Primary energy factor,1.4388065
IT,3_no_pol_ep_low_pef,2045,Primary energy factor,1.1326624
IT,3_no_pol_ep_low_pef,START,Primary energy factor,2.0204804
IT,4_low_pol_co2_75,START,Primary energy factor,2.0204804
IT,5_low_pol_co2_75_low_pef,2030,Primary energy factor,1.7449507
IT,5_low_pol_co2_75_low_pef,2033,Primary energy factor,1.6531074
IT,5_low_pol_co2_75_low_pef,2035,Primary energy factor,1.5918787
IT,5_low_pol_co2_75_low_pef,2040,Primary energy factor,1.4388065
IT,5_low_pol_co2_75_low_pef,2045,Primary energy factor,1.1326624
IT,5_low_pol_co2_75_low_pef,START,Primary energy factor,2.0204804
IT,6_co2_300,START,Primary energy factor,2.0204804
IT,7_co2_300_low_pef,2030,Primary energy factor,1.7449507
IT,7_co2_300_low_pef,2033,Primary energy factor,1.6531074
IT,7_co2_300_low_pef,2035,Primary energy factor,1.5918787
IT,7_co2_300_low_pef,2040,Primary energy factor,1.4388065
IT,7_co2_300_low_pef,2045,Primary energy factor,1.1326624
IT,7_co2_300_low_pef,START,Primary energy factor,2.0204804
IT,8_nofoss_co2_75,START,Primary energy factor,2.0204804
IT,9_nofoss_co2_75_low_pef,2030,Primary energy factor,1.7449507
IT,9_nofoss_co2_75_low_pef,2033,Primary energy factor,1.6531074
IT,9_nofoss_co2_75_low_pef,2035,Primary energy factor,1.5918787
IT,9_nofoss_co2_75_low_pef,2040,Primary energy factor,1.4388065
IT,9_nofoss_co2_75_low_pef,2045,Primary energy factor,1.1326624
IT,9_nofoss_co2_75_low_pef,START,Primary energy factor,2.0204804
LT,0_no_pol_cep,START,Primary energy factor,1.7665979
LT,1_no_pol_cep_low_pef,2030,Primary energy factor,1.5596164
LT,1_no_pol_cep_low_pef,2033,Primary energy factor,1.4906226
LT,1_no_pol_cep_low_pef,2035,Primary energy factor,1.4446267
LT,1_no_pol_cep_low_pef,2040,Primary energy factor,1.329637
LT,1_no_pol_cep_low_pef,2045,Primary energy factor,1.0996578
LT,1_no_pol_cep_low_pef,START,Primary energy factor,1.7665979
LT,2_no_pol_ep,START,Primary energy factor,1.7665979
LT,3_no_pol_ep_low_pef,2030,Primary energy factor,1.5596164
LT,3_no_pol_ep_low_pef,2033,Primary energy factor,1.4906226
LT,3_no_pol_ep_low_pef,2035,Primary energy factor,1.4446267
LT,3_no_pol_ep_low_pef,2040,Primary energy factor,1.329637
LT,3_no_pol_ep_low_pef,2045,Primary energy factor,1.0996578
LT,3_no_pol_ep_low_pef,START,Primary energy factor,1.7665979
LT,4_low_pol_co2_75,START,Primary energy factor,1.7665979
LT,5_low_pol_co2_75_low_pef,2030,Primary energy factor,1.5596164
LT,5_low_pol_co2_75_low_pef,2033,Primary energy factor,1.4906226
LT,5_low_pol_co2_75_low_pef,2035,Primary energy factor,1.4446267
LT,5_low_pol_co2_75_low_pef,2040,Primary energy factor,1.329637
LT,5_low_pol_co2_75_low_pef,2045,Primary energy factor,1.0996578
LT,5_low_pol_co2_75_low_pef,START,Primary energy factor,1.7665979
LT,6_co2_300,START,Primary energy factor,1.7665979
LT,7_co2_300_low_pef,2030,Primary energy factor,1.5596164
LT,7_co2_300_low_pef,2033,Primary energy factor,1.4906226
LT,7_co2_300_low_pef,2035,Primary energy factor,1.4446267
LT,7_co2_300_low_pef,2040,Primary energy factor,1.329637
LT,7_co2_300_low_pef,2045,Primary energy factor,1.0996578
LT,7_co2_300_low_pef,START,Primary energy factor,1.7665979
LT,8_nofoss_co2_75,START,Primary energy factor,1.7665979
LT,9_nofoss_co2_75_low_pef,2030,Primary energy factor,1.5596164
LT,9_nofoss_co2_75_low_pef,2033,Primary energy factor,1.4906226
LT,9_nofoss_co2_75_low_pef,2035,Primary energy factor,1.4446267
LT,9_nofoss_co2_75_low_pef,2040,Primary energy factor,1.329637
LT,9_nofoss_co2_75_low_pef,2045,Primary energy factor,1.0996578
LT,9_nofoss_co2_75_low_pef,START,Primary energy factor,1.7665979
LU,0_no_pol_cep,START,Primary energy factor,1.7299554
LU,1_no_pol_cep_low_pef,2030,Primary energy factor,1.5328674
LU,1_no_pol_cep_low_pef,2033,Primary energy factor,1.4671714
LU,1_no_pol_cep_low_pef,2035,Primary energy factor,1.4233742
LU,1_no_pol_cep_low_pef,2040,Primary energy factor,1.3138808
LU,1_no_pol_cep_low_pef,2045,Primary energy factor,1.0948942
LU,1_no_pol_cep_low_pef,START,Primary energy factor,1.7299554
LU,2_no_pol_ep,START,Primary energy factor,1.7299554
LU,3_no_pol_ep_low_pef,2030,Primary energy factor,1.5328674
LU,3_no_pol_ep_low_pef,2033,Primary energy factor,1.4671714
LU,3_no_pol_ep_low_pef,2035,Primary energy factor,1.4233742
LU,3_no_pol_ep_low_pef,2040,Primary energy factor,1.3138808
LU,3_no_pol_ep_low_pef,2045,Primary energy factor,1.0948942
LU,3_no_pol_ep_low_pef,START,Primary energy factor,1.7299554
LU,4_low_pol_co2_75,START,Primary energy factor,1.7299554
LU,5_low_pol_co2_75_low_pef,2030,Primary energy factor,1.5328674
LU,5_low_pol_co2_75_low_pef,2033,Primary energy factor,1.4671714
LU,5_low_pol_co2_75_low_pef,2035,Primary energy factor,1.4233742
LU,5_low_pol_co2_75_low_pef,2040,Primary energy factor,1.3138808
LU,5_low_pol_co2_75_low_pef,2045,Primary energy factor,1.0948942
LU,5_low_pol_co2_75_low_pef,START,Primary energy factor,1.7299554
LU,6_co2_300,START,Primary energy factor,1.7299554
LU,7_co2_300_low_pef,2030,Primary energy factor,1.5328674
LU,7_co2_300_low_pef,2033,Primary energy factor,1.4671714
LU,7_co2_300_low_pef,2035,Primary energy factor,1.4233742
LU,7_co2_300_low_pef,2040,Primary energy factor,1.3138808
LU,7_co2_300_low_pef,2045,Primary energy factor,1.0948942
LU,7_co2_300_low_pef,START,Primary energy factor,1.7299554
LU,8_nofoss_co2_75,START,Primary energy factor,1.7299554
LU,9_nofoss_co2_75_low_pef,2030,Primary energy factor,1.5328674
LU,9_nofoss_co2_75_low_pef,2033,Primary energy factor,1.4671714
LU,9_nofoss_co2_75_low_pef,2035,Primary energy factor,1.4233742
LU,9_nofoss_co2_75_low_pef,2040,Primary energy factor,1.3138808
LU,9_nofoss_co2_75_low_pef,2045,Primary energy factor,1.0948942
LU,9_nofoss_co2_75_low_pef,START,Primary energy factor,1.7299554
LV,0_no_pol_cep,START,Primary energy factor,1.6663066
LV,1_no_pol_cep_low_pef,2030,Primary energy factor,1.4864038
LV,1_no_pol_cep_low_pef,2033,Primary energy factor,1.4264362
LV,1_no_pol_cep_low_pef,2035,Primary energy factor,1.3864578
LV,1_no_pol_cep_low_pef,2040,Primary energy factor,1.2865119
LV,1_no_pol_cep_low_pef,2045,Primary energy factor,1.0866199
LV,1_no_pol_cep_low_pef,START,Primary energy factor,1.6663066
LV,2_no_pol_ep,START,Primary energy factor,1.6663066
LV,3_no_pol_ep_low_pef,2030,Primary energy factor,1.4864038
LV,3_no_pol_ep_low_pef,2033,Primary energy factor,1.4264362
LV,3_no_pol_ep_low_pef,2035,Primary energy factor,1.3864578
LV,3_no_pol_ep_low_pef,2040,Primary energy factor,1.2865119
LV,3_no_pol_ep_low_pef,2045,Primary energy factor,1.0866199
LV,3_no_pol_ep_low_pef,START,Primary energy factor,1.6663066
LV,4_low_pol_co2_75,START,Primary energy factor,1.6663066
LV,5_low_pol_co2_75_low_pef,2030,Primary energy factor,1.4864038
LV,5_low_pol_co2_75_low_pef,2033,Primary energy factor,1.4264362
LV,5_low_pol_co2_75_low_pef,2035,Primary energy factor,1.3864578
LV,5_low_pol_co2_75_low_pef,2040,Primary energy factor,1.2865119
LV,5_low_pol_co2_75_low_pef,2045,Primary energy factor,1.0866199
LV,5_low_pol_co2_75_low_pef,START,Primary energy factor,1.6663066
LV,6_co2_300,START,Primary energy factor,1.6663066
LV,7_co2_300_low_pef,2030,Primary energy factor,1.4864038
LV,7_co2_300_low_pef,2033,Primary energy factor,1.4264362
LV,7_co2_300_low_pef,2035,Primary energy factor,1.3864578
LV,7_co2_300_low_pef,2040,Primary energy factor,1.2865119
LV,7_co2_300_low_pef,2045,Primary energy factor,1.0866199
LV,7_co2_300_low_pef,START,Primary energy factor,1.6663066
LV,8_nofoss_co2_75,START,Primary energy factor,1.6663066
LV,9_nofoss_co2_75_low_pef,2030,Primary energy factor,1.4864038
LV,9_nofoss_co2_75_low_pef,2033,Primary energy factor,1.4264362
LV,9_nofoss_co2_75_low_pef,2035,Primary energy factor,1.3864578
LV,9_nofoss_co2_75_low_pef,2040,Primary energy factor,1.2865119
LV,9_nofoss_co2_75_low_pef,2045,Primary energy factor,1.0866199
LV,9_nofoss_co2_75_low_pef,START,Primary energy factor,1.6663066
MT,0_no_pol_cep,START,Primary energy factor,2.3310034
MT,1_no_pol_cep_low_pef,2030,Primary energy factor,1.9716326
MT,1_no_pol_cep_low_pef,2033,Primary energy factor,1.8518423
MT,1_no_pol_cep_low_pef,2035,Primary energy factor,1.7719821
MT,1_no_pol_cep_low_pef,2040,Primary energy factor,1.5723315
MT,1_no_pol_cep_low_pef,2045,Primary energy factor,1.1730305
MT,1_no_pol_cep_low_pef,START,Primary energy factor,2.3310034
MT,2_no_pol_ep,START,Primary energy factor,2.3310034
MT,3_no_pol_ep_low_pef,2030,Primary energy factor,1.9716326
MT,3_no_pol_ep_low_pef,2033,Primary energy factor,1.8518423
MT,3_no_pol_ep_low_pef,2035,Primary energy factor,1.7719821
MT,3_no_pol_ep_low_pef,2040,Primary energy factor,1.5723315
MT,3_no_pol_ep_low_pef,2045,Primary energy factor,1.1730305
MT,3_no_pol_ep_low_pef,START,Primary energy factor,2.3310034
MT,4_low_pol_co2_75,START,Primary energy factor,2.3310034
MT,5_low_pol_co2_75_low_pef,2030,Primary energy factor,1.9716326
MT,5_low_pol_co2_75_low_pef,2033,Primary energy factor,1.8518423
MT,5_low_pol_co2_75_low_pef,2035,Primary energy factor,1.7719821
MT,5_low_pol_co2_75_low_pef,2040,Primary energy factor,1.5723315
MT,5_low_pol_co2_75_low_pef,2045,Primary energy factor,1.1730305
MT,5_low_pol_co2_75_low_pef,START,Primary energy factor,2.3310034
MT,6_co2_300,START,Primary energy factor,2.3310034
MT,7_co2_300_low_pef,2030,Primary energy factor,1.9716326
MT,7_co2_300_low_pef,2033,Primary energy factor,1.8518423
MT,7_co2_300_low_pef,2035,Primary energy factor,1.7719821
MT,7_co2_300_low_pef,2040,Primary energy factor,1.5723315
MT,7_co2_300_low_pef,2045,Primary energy factor,1.1730305
MT,7_co2_300_low_pef,START,Primary energy factor,2.3310034
MT,8_nofoss_co2_75,START,Primary energy factor,2.3310034
MT,9_nofoss_co2_75_low_pef,2030,Primary energy factor,1.9716326
MT,9_nofoss_co2_75_low_pef,2033,Primary energy factor,1.8518423
MT,9_nofoss_co2_75_low_pef,2035,Primary energy factor,1.7719821
MT,9_nofoss_co2_75_low_pef,2040,Primary energy factor,1.5723315
MT,9_nofoss_co2_75_low_pef,2045,Primary energy factor,1.1730305
MT,9_nofoss_co2_75_low_pef,START,Primary energy factor,2.3310034
NL,0_no_pol_cep,START,Primary energy factor,1.9724828
NL,1_no_pol_cep_low_pef,2030,Primary energy factor,1.7099124
NL,1_no_pol_cep_low_pef,2033,Primary energy factor,1.622389
NL,1_no_pol_cep_low_pef,2035,Primary energy factor,1.5640401
NL,1_no_pol_cep_low_pef,2040,Primary energy factor,1.4181676
NL,1_no_pol_cep_low_pef,2045,Primary energy factor,1.1264228
NL,1_no_pol_cep_low_pef,START,Primary energy factor,1.9724828
NL,2_no_pol_ep,START,Primary energy factor,1.9724828
NL,3_no_pol_ep_low_pef,2030,Primary energy factor,1.7099124
NL,3_no_pol_ep_low_pef,2033,Primary energy factor,1.622389
NL,3_no_pol_ep_low_pef,2035,Primary energy factor,1.5640401
NL,3_no_pol_ep_low_pef,2040,Primary energy factor,1.4181676
NL,3_no_pol_ep_low_pef,2045,Primary energy factor,1.1264228
NL,3_no_pol_ep_low_pef,START,Primary energy factor,1.9724828
NL,4_low_pol_co2_75,START,Primary energy factor,1.9724828
NL,5_low_pol_co2_75_low_pef,2030,Primary energy factor,1.7099124
NL,5_low_pol_co2_75_low_pef,2033,Primary energy factor,1.622389
NL,5_low_pol_co2_75_low_pef,2035,Primary energy factor,1.5640401
NL,5_low_pol_co2_75_low_pef,2040,Primary energy factor,1.4181676
NL,5_low_pol_co2_75_low_pef,2045,Primary energy factor,1.1264228
NL,5_low_pol_co2_75_low_pef,START,Primary energy factor,1.9724828
NL,6_co2_300,START,Primary energy factor,1.9724828
NL,7_co2_300_low_pef,2030,Primary energy factor,1.7099124
NL,7_co2_300_low_pef,2033,Primary energy factor,1.622389
NL,7_co2_300_low_pef,2035,Primary energy factor,1.5640401
NL,7_co2_300_low_pef,2040,Primary energy factor,1.4181676
NL,7_co2_300_low_pef,2045,Primary energy factor,1.1264228
NL,7_co2_300_low_pef,START,Primary energy factor,1.9724828
NL,8_nofoss_co2_75,START,Primary energy factor,1.9724828
NL,9_nofoss_co2_75_low_pef,2030,Primary energy factor,1.7099124
NL,9_nofoss_co2_75_low_pef,2033,Primary energy factor,1.622389
NL,9_nofoss_co2_75_low_pef,2035,Primary energy factor,1.5640401
NL,9_nofoss_co2_75_low_pef,2040,Primary energy factor,1.4181676
NL,9_nofoss_co2_75_low_pef,2045,Primary energy factor,1.1264228
NL,9_nofoss_co2_75_low_pef,START,Primary energy factor,1.9724828
PL,0_no_pol_cep,START,Primary energy factor,2.7041173
PL,1_no_pol_cep_low_pef,2030,Primary energy factor,2.2440057
PL,1_no_pol_cep_low_pef,2033,Primary energy factor,2.090635
PL,1_no_pol_cep_low_pef,2035,Primary energy factor,1.9883881
PL,1_no_pol_cep_low_pef,2040,Primary energy factor,1.7327704
PL,1_no_pol_cep_low_pef,2045,Primary energy factor,1.2215352
PL,1_no_pol_cep_low_pef,START,Primary energy factor,2.7041173
PL,2_no_pol_ep,START,Primary energy factor,2.7041173
PL,3_no_pol_ep_low_pef,2030,Primary energy factor,2.2440057
PL,3_no_pol_ep_low_pef,2033,Primary energy factor,2.090635
PL,3_no_pol_ep_low_pef,2035,Primary energy factor,1.9883881
PL,3_no_pol_ep_low_pef,2040,Primary energy factor,1.7327704
PL,3_no_pol_ep_low_pef,2045,Primary energy factor,1.2215352
PL,3_no_pol_ep_low_pef,START,Primary energy factor,2.7041173
PL,4_low_pol_co2_75,START,Primary energy factor,2.7041173
PL,5_low_pol_co2_75_low_pef,2030,Primary energy factor,2.2440057
PL,5_low_pol_co2_75_low_pef,2033,Primary energy factor,2.090635
PL,5_low_pol_co2_75_low_pef,2035,Primary energy factor,1.9883881
PL,5_low_pol_co2_75_low_pef,2040,Primary energy factor,1.7327704
PL,5_low_pol_co2_75_low_pef,2045,Primary energy factor,1.2215352
PL,5_low_pol_co2_75_low_pef,START,Primary energy factor,2.7041173
PL,6_co2_300,START,Primary energy factor,2.7041173
PL,7_co2_300_low_pef,2030,Primary energy factor,2.2440057
PL,7_co2_300_low_pef,2033,Primary energy factor,2.090635
PL,7_co2_300_low_pef,2035,Primary energy factor,1.9883881
PL,7_co2_300_low_pef,2040,Primary energy factor,1.7327704
PL,7_co2_300_low_pef,2045,Primary energy factor,1.2215352
PL,7_co2_300_low_pef,START,Primary energy factor,2.7041173
PL,8_nofoss_co2_75,START,Primary energy factor,2.7041173
PL,9_nofoss_co2_75_low_pef,2030,Primary energy factor,2.2440057
PL,9_nofoss_co2_75_low_pef,2033,Primary energy factor,2.090635
PL,9_nofoss_co2_75_low_pef,2035,Primary energy factor,1.9883881
PL,9_nofoss_co2_75_low_pef,2040,Primary energy factor,1.7327704
PL,9_nofoss_co2_75_low_pef,2045,Primary energy factor,1.2215352
PL,9_nofoss_co2_75_low_pef,START,Primary energy factor,2.7041173
PT,0_no_pol_cep,START,Primary energy factor,1.8501507
PT,1_no_pol_cep_low_pef,2030,Primary energy factor,1.62061
PT,1_no_pol_cep_low_pef,2033,Primary energy factor,1.5440965
PT,1_no_pol_cep_low_pef,2035,Primary energy factor,1.4930874
PT,1_no_pol_cep_low_pef,2040,Primary energy factor,1.3655648
PT,1_no_pol_cep_low_pef,2045,Primary energy factor,1.1105196
PT,1_no_pol_cep_low_pef,START,Primary energy factor,1.8501507
PT,2_no_pol_ep,START,Primary energy factor,1.8501507
PT,3_no_pol_ep_low_pef,2030,Primary energy factor,1.62061
PT,3_no_pol_ep_low_pef,2033,Primary energy factor,1.5440965
PT,3_no_pol_ep_low_pef,2035,Primary energy factor,1.4930874
PT,3_no_pol_ep_low_pef,2040,Primary energy factor,1.3655648
PT,3_no_pol_ep_low_pef,2045,Primary energy factor,1.1105196
PT,3_no_pol_ep_low_pef,START,Primary energy factor,1.8501507
PT,4_low_pol_co2_75,START,Primary energy factor,1.8501507
PT,5_low_pol_co2_75_low_pef,2030,Primary energy factor,1.62061
PT,5_low_pol_co2_75_low_pef,2033,Primary energy factor,1.5440965
PT,5_low_pol_co2_75_low_pef,2035,Primary energy factor,1.4930874
PT,5_low_pol_co2_75_low_pef,2040,Primary energy factor,1.3655648
PT,5_low_pol_co2_75_low_pef,2045,Primary energy factor,1.1105196
PT,5_low_pol_co2_75_low_pef,START,Primary energy factor,1.8501507
PT,6_co2_300,START,Primary energy factor,1.8501507
PT,7_co2_300_low_pef,2030,Primary energy factor,1.62061
PT,7_co2_300_low_pef,2033,Primary energy factor,1.5440965
PT,7_co2_300_low_pef,2035,Primary energy factor,1.4930874
PT,7_co2_300_low_pef,2040,Primary energy factor,1.3655648
PT,7_co2_300_low_pef,2045,Primary energy factor,1.1105196
PT,7_co2_300_low_pef,START,Primary energy factor,1.8501507
PT,8_nofoss_co2_75,START,Primary energy factor,1.8501507
PT,9_nofoss_co2_75_low_pef,2030,Primary energy factor,1.62061
PT,9_nofoss_co2_75_low_pef,2033,Primary energy factor,1.5440965
PT,9_nofoss_co2_75_low_pef,2035,Primary energy factor,1.4930874
PT,9_nofoss_co2_75_low_pef,2040,Primary energy factor,1.3655648
PT,9_nofoss_co2_75_low_pef,2045,Primary energy factor,1.1105196
PT,9_nofoss_co2_75_low_pef,START,Primary energy factor,1.8501507
RO,0_no_pol_cep,START,Primary energy factor,2.5157223
RO,1_no_pol_cep_low_pef,2030,Primary energy factor,2.1064773
RO,1_no_pol_cep_low_pef,2033,Primary energy factor,1.9700621
RO,1_no_pol_cep_low_pef,2035,Primary energy factor,1.8791189
RO,1_no_pol_cep_low_pef,2040,Primary energy factor,1.6517606
RO,1_no_pol_cep_low_pef,2045,Primary energy factor,1.1970439
RO,1_no_pol_cep_low_pef,START,Primary energy factor,2.5157223
RO,2_no_pol_ep,START,Primary energy factor,2.5157223
RO,3_no_pol_ep_low_pef,2030,Primary energy factor,2.1064773
RO,3_no_pol_ep_low_pef,2033,Primary energy factor,1.9700621
RO,3_no_pol_ep_low_pef,2035,Primary energy factor,1.8791189
RO,3_no_pol_ep_low_pef,2040,Primary energy factor,1.6517606
RO,3_no_pol_ep_low_pef,2045,Primary energy factor,1.1970439
RO,3_no_pol_ep_low_pef,START,Primary energy factor,2.5157223
RO,4_low_pol_co2_75,START,Primary energy factor,2.5157223
RO,5_low_pol_co2_75_low_pef,2030,Primary energy factor,2.1064773
RO,5_low_pol_co2_75_low_pef,2033,Primary energy factor,1.9700621
RO,5_low_pol_co2_75_low_pef,2035,Primary energy factor,1.8791189
RO,5_low_pol_co2_75_low_pef,2040,Primary energy factor,1.6517606
RO,5_low_pol_co2_75_low_pef,2045,Primary energy factor,1.1970439
RO,5_low_pol_co2_75_low_pef,START,Primary energy factor,2.5157223
RO,6_co2_300,START,Primary energy factor,2.5157223
RO,7_co2_300_low_pef,2030,Primary energy factor,2.1064773
RO,7_co2_300_low_pef,2033,Primary energy factor,1.9700621
RO,7_co2_300_low_pef,2035,Primary energy factor,1.8791189
RO,7_co2_300_low_pef,2040,Primary energy factor,1.6517606
RO,7_co2_300_low_pef,2045,Primary energy factor,1.1970439
RO,7_co2_300_low_pef,START,Primary energy factor,2.5157223
RO,8_nofoss_co2_75,START,Primary energy factor,2.5157223
RO,9_nofoss_co2_75_low_pef,2030,Primary energy factor,2.1064773
RO,9_nofoss_co2_75_low_pef,2033,Primary energy factor,1.9700621
RO,9_nofoss_co2_75_low_pef,2035,Primary energy factor,1.8791189
RO,9_nofoss_co2_75_low_pef,2040,Primary energy factor,1.6517606
RO,9_nofoss_co2_75_low_pef,2045,Primary energy factor,1.1970439
RO,9_nofoss_co2_75_low_pef,START,Primary energy factor,2.5157223
SK,0_no_pol_cep,START,Primary energy factor,2.8626146
SK,1_no_pol_cep_low_pef,2030,Primary energy factor,2.3597085
SK,1_no_pol_cep_low_pef,2033,Primary energy factor,2.1920733
SK,1_no_pol_cep_low_pef,2035,Primary energy factor,2.0803163
SK,1_no_pol_cep_low_pef,2040,Primary energy factor,1.8009243
SK,1_no_pol_cep_low_pef,2045,Primary energy factor,1.2421399
SK,1_no_pol_cep_low_pef,START,Primary energy factor,2.8626146
SK,2_no_pol_ep,START,Primary energy factor,2.8626146
SK,3_no_pol_ep_low_pef,2030,Primary energy factor,2.3597085
SK,3_no_pol_ep_low_pef,2033,Primary energy factor,2.1920733
SK,3_no_pol_ep_low_pef,2035,Primary energy factor,2.0803163
SK,3_no_pol_ep_low_pef,2040,Primary energy factor,1.8009243
SK,3_no_pol_ep_low_pef,2045,Primary energy factor,1.2421399
SK,3_no_pol_ep_low_pef,START,Primary energy factor,2.8626146
SK,4_low_pol_co2_75,START,Primary energy factor,2.8626146
SK,5_low_pol_co2_75_low_pef,2030,Primary energy factor,2.3597085
SK,5_low_pol_co2_75_low_pef,2033,Primary energy factor,2.1920733
SK,5_low_pol_co2_75_low_pef,2035,Primary energy factor,2.0803163
SK,5_low_pol_co2_75_low_pef,2040,Primary energy factor,1.8009243
SK,5_low_pol_co2_75_low_pef,2045,Primary energy factor,1.2421399
SK,5_low_pol_co2_75_low_pef,START,Primary energy factor,2.8626146
SK,6_co2_300,START,Primary energy factor,2.8626146
SK,7_co2_300_low_pef,2030,Primary energy factor,2.3597085
SK,7_co2_300_low_pef,2033,Primary energy factor,2.1920733
SK,7_co2_300_low_pef,2035,Primary energy factor,2.0803163
SK,7_co2_300_low_pef,2040,Primary energy factor,1.8009243
SK,7_co2_300_low_pef,2045,Primary energy factor,1.2421399
SK,7_co2_300_low_pef,START,Primary energy factor,2.8626146
SK,8_nofoss_co2_75,START,Primary energy factor,2.8626146
SK,9_nofoss_co2_75_low_pef,2030,Primary energy factor,2.3597085
SK,9_nofoss_co2_75_low_pef,2033,Primary energy factor,2.1920733
SK,9_nofoss_co2_75_low_pef,2035,Primary energy factor,2.0803163
SK,9_nofoss_co2_75_low_pef,2040,Primary energy factor,1.8009243
SK,9_nofoss_co2_75_low_pef,2045,Primary energy factor,1.2421399
SK,9_nofoss_co2_75_low_pef,START,Primary energy factor,2.8626146
SI,0_no_pol_cep,START,Primary energy factor,2.3859403
SI,1_no_pol_cep_low_pef,2030,Primary energy factor,2.0117364
SI,1_no_pol_cep_low_pef,2033,Primary energy factor,1.8870018
SI,1_no_pol_cep_low_pef,2035,Primary energy factor,1.8038454
SI,1_no_pol_cep_low_pef,2040,Primary energy factor,1.5959543
SI,1_no_pol_cep_low_pef,2045,Primary energy factor,1.1801722
SI,1_no_pol_cep_low_pef,START,Primary energy factor,2.3859403
SI,2_no_pol_ep,START,Primary energy factor,2.3859403
SI,3_no_pol_ep_low_pef,2030,Primary energy factor,2.0117364
SI,3_no_pol_ep_low_pef,2033,Primary energy factor,1.8870018
SI,3_no_pol_ep_low_pef,2035,Primary energy factor,1.8038454
SI,3_no_pol_ep_low_pef,2040,Primary energy factor,1.5959543
SI,3_no_pol_ep_low_pef,2045,Primary energy factor,1.1801722
SI,3_no_pol_ep_low_pef,START,Primary energy factor,2.3859403
SI,4_low_pol_co2_75,START,Primary energy factor,2.3859403
SI,5_low_pol_co2_75_low_pef,2030,Primary energy factor,2.0117364
SI,5_low_pol_co2_75_low_pef,2033,Primary energy factor,1.8870018
SI,5_low_pol_co2_75_low_pef,2035,Primary energy factor,1.8038454
SI,5_low_pol_co2_75_low_pef,2040,Primary energy factor,1.5959543
SI,5_low_pol_co2_75_low_pef,2045,Primary energy factor,1.1801722
SI,5_low_pol_co2_75_low_pef,START,Primary energy factor,2.3859403
SI,6_co2_300,START,Primary energy factor,2.3859403
SI,7_co2_300_low_pef,2030,Primary energy factor,2.0117364
SI,7_co2_300_low_pef,2033,Primary energy factor,1.8870018
SI,7_co2_300_low_pef,2035,Primary energy factor,1.8038454
SI,7_co2_300_low_pef,2040,Primary energy factor,1.5959543
SI,7_co2_300_low_pef,2045,Primary energy factor,1.1801722
SI,7_co2_300_low_pef,START,Primary energy factor,2.3859403
SI,8_nofoss_co2_75,START,Primary energy factor,2.3859403
SI,9_nofoss_co2_75_low_pef,2030,Primary energy factor,2.0117364
SI,9_nofoss_co2_75_low_pef,2033,Primary energy factor,1.8870018
SI,9_nofoss_co2_75_low_pef,2035,Primary energy factor,1.8038454
SI,9_nofoss_co2_75_low_pef,2040,Primary energy factor,1.5959543
SI,9_nofoss_co2_75_low_pef,2045,Primary energy factor,1.1801722
SI,9_nofoss_co2_75_low_pef,START,Primary energy factor,2.3859403
SE,0_no_pol_cep,START,Primary energy factor,1.8004825
SE,1_no_pol_cep_low_pef,2030,Primary energy factor,1.5843521
SE,1_no_pol_cep_low_pef,2033,Primary energy factor,1.5123087
SE,1_no_pol_cep_low_pef,2035,Primary energy factor,1.4642798
SE,1_no_pol_cep_low_pef,2040,Primary energy factor,1.3442074
SE,1_no_pol_cep_low_pef,2045,Primary energy factor,1.1040627
SE,1_no_pol_cep_low_pef,START,Primary energy factor,1.8004825
SE,2_no_pol_ep,START,Primary energy factor,1.8004825
SE,3_no_pol_ep_low_pef,2030,Primary energy factor,1.5843521
SE,3_no_pol_ep_low_pef,2033,Primary energy factor,1.5123087
SE,3_no_pol_ep_low_pef,2035,Primary energy factor,1.4642798
SE,3_no_pol_ep_low_pef,2040,Primary energy factor,1.3442074
SE,3_no_pol_ep_low_pef,2045,Primary energy factor,1.1040627
SE,3_no_pol_ep_low_pef,START,Primary energy factor,1.8004825
SE,4_low_pol_co2_75,START,Primary energy factor,1.8004825
SE,5_low_pol_co2_75_low_pef,2030,Primary energy factor,1.5843521
SE,5_low_pol_co2_75_low_pef,2033,Primary energy factor,1.5123087
SE,5_low_pol_co2_75_low_pef,2035,Primary energy factor,1.4642798
SE,5_low_pol_co2_75_low_pef,2040,Primary energy factor,1.3442074
SE,5_low_pol_co2_75_low_pef,2045,Primary energy factor,1.1040627
SE,5_low_pol_co2_75_low_pef,START,Primary energy factor,1.8004825
SE,6_co2_300,START,Primary energy factor,1.8004825
SE,7_co2_300_low_pef,2030,Primary energy factor,1.5843521
SE,7_co2_300_low_pef,2033,Primary energy factor,1.5123087
SE,7_co2_300_low_pef,2035,Primary energy factor,1.4642798
SE,7_co2_300_low_pef,2040,Primary energy factor,1.3442074
SE,7_co2_300_low_pef,2045,Primary energy factor,1.1040627
SE,7_co2_300_low_pef,START,Primary energy factor,1.8004825
SE,8_nofoss_co2_75,START,Primary energy factor,1.8004825
SE,9_nofoss_co2_75_low_pef,2030,Primary energy factor,1.5843521
SE,9_nofoss_co2_75_low_pef,2033,Primary energy factor,1.5123087
SE,9_nofoss_co2_75_low_pef,2035,Primary energy factor,1.4642798
SE,9_nofoss_co2_75_low_pef,2040,Primary energy factor,1.3442074
SE,9_nofoss_co2_75_low_pef,2045,Primary energy factor,1.1040627
SE,9_nofoss_co2_75_low_pef,START,Primary energy factor,1.8004825
UA,0_no_pol_cep,START,Primary energy factor,2.1926377
UA,1_no_pol_cep_low_pef,2030,Primary energy factor,1.8706255
UA,1_no_pol_cep_low_pef,2033,Primary energy factor,1.7632881
UA,1_no_pol_cep_low_pef,2035,Primary energy factor,1.6917298
UA,1_no_pol_cep_low_pef,2040,Primary energy factor,1.5128342
UA,1_no_pol_cep_low_pef,2045,Primary energy factor,1.1550429
UA,1_no_pol_cep_low_pef,START,Primary energy factor,2.1926377
UA,2_no_pol_ep,START,Primary energy factor,2.1926377
UA,3_no_pol_ep_low_pef,2030,Primary energy factor,1.8706255
UA,3_no_pol_ep_low_pef,2033,Primary energy factor,1.7632881
UA,3_no_pol_ep_low_pef,2035,Primary energy factor,1.6917298
UA,3_no_pol_ep_low_pef,2040,Primary energy factor,1.5128342
UA,3_no_pol_ep_low_pef,2045,Primary energy factor,1.1550429
UA,3_no_pol_ep_low_pef,START,Primary energy factor,2.1926377
UA,4_low_pol_co2_75,START,Primary energy factor,2.1926377
UA,5_low_pol_co2_75_low_pef,2030,Primary energy factor,1.8706255
UA,5_low_pol_co2_75_low_pef,2033,Primary energy factor,1.7632881
UA,5_low_pol_co2_75_low_pef,2035,Primary energy factor,1.6917298
UA,5_low_pol_co2_75_low_pef,2040,Primary energy factor,1.5128342
UA,5_low_pol_co2_75_low_pef,2045,Primary energy factor,1.1550429
UA,5_low_pol_co2_75_low_pef,START,Primary energy factor,2.1926377
UA,6_co2_300,START,Primary energy factor,2.1926377
UA,7_co2_300_low_pef,2030,Primary energy factor,1.8706255
UA,7_co2_300_low_pef,2033,Primary energy factor,1.7632881
UA,7_co2_300_low_pef,2035,Primary energy factor,1.6917298
UA,7_co2_300_low_pef,2040,Primary energy factor,1.5128342
UA,7_co2_300_low_pef,2045,Primary energy factor,1.1550429
UA,7_co2_300_low_pef,START,Primary energy factor,2.1926377
UA,8_nofoss_co2_75,START,Primary energy factor,2.1926377
UA,9_nofoss_co2_75_low_pef,2030,Primary energy factor,1.8706255
UA,9_nofoss_co2_75_low_pef,2033,Primary energy factor,1.7632881
UA,9_nofoss_co2_75_low_pef,2035,Primary energy factor,1.6917298
UA,9_nofoss_co2_75_low_pef,2040,Primary energy factor,1.5128342
UA,9_nofoss_co2_75_low_pef,2045,Primary energy factor,1.1550429
UA,9_nofoss_co2_75_low_pef,START,Primary energy factor,2.1926377
XOL,0_no_pol_cep,START,Primary energy factor,2.7041173
XOL,1_no_pol_cep_low_pef,2030,Primary energy factor,2.2440057
XOL,1_no_pol_cep_low_pef,2033,Primary energy factor,2.090635
XOL,1_no_pol_cep_low_pef,2035,Primary energy factor,1.9883881
XOL,1_no_pol_cep_low_pef,2040,Primary energy factor,1.7327704
XOL,1_no_pol_cep_low_pef,2045,Primary energy factor,1.2215352
XOL,1_no_pol_cep_low_pef,START,Primary energy factor,2.7041173
XOL,2_no_pol_ep,START,Primary energy factor,2.7041173
XOL,3_no_pol_ep_low_pef,2030,Primary energy factor,2.2440057
XOL,3_no_pol_ep_low_pef,2033,Primary energy factor,2.090635
XOL,3_no_pol_ep_low_pef,2035,Primary energy factor,1.9883881
XOL,3_no_pol_ep_low_pef,2040,Primary energy factor,1.7327704
XOL,3_no_pol_ep_low_pef,2045,Primary energy factor,1.2215352
XOL,3_no_pol_ep_low_pef,START,Primary energy factor,2.7041173
XOL,4_low_pol_co2_75,START,Primary energy factor,2.7041173
XOL,5_low_pol_co2_75_low_pef,2030,Primary energy factor,2.2440057
XOL,5_low_pol_co2_75_low_pef,2033,Primary energy factor,2.090635
XOL,5_low_pol_co2_75_low_pef,2035,Primary energy factor,1.9883881
XOL,5_low_pol_co2_75_low_pef,2040,Primary energy factor,1.7327704
XOL,5_low_pol_co2_75_low_pef,2045,Primary energy factor,1.2215352
XOL,5_low_pol_co2_75_low_pef,START,Primary energy factor,2.7041173
XOL,6_co2_300,START,Primary energy factor,2.7041173
XOL,7_co2_300_low_pef,2030,Primary energy factor,2.2440057
XOL,7_co2_300_low_pef,2033,Primary energy factor,2.090635
XOL,7_co2_300_low_pef,2035,Primary energy factor,1.9883881
XOL,7_co2_300_low_pef,2040,Primary energy factor,1.7327704
XOL,7_co2_300_low_pef,2045,Primary energy factor,1.2215352
XOL,7_co2_300_low_pef,START,Primary energy factor,2.7041173
XOL,8_nofoss_co2_75,START,Primary energy factor,2.7041173
XOL,9_nofoss_co2_75_low_pef,2030,Primary energy factor,2.2440057
XOL,9_nofoss_co2_75_low_pef,2033,Primary energy factor,2.090635
XOL,9_nofoss_co2_75_low_pef,2035,Primary energy factor,1.9883881
XOL,9_nofoss_co2_75_low_pef,2040,Primary energy factor,1.7327704
XOL,9_nofoss_co2_75_low_pef,2045,Primary energy factor,1.2215352
XOL,9_nofoss_co2_75_low_pef,START,Primary energy factor,2.7041173
XOU,0_no_pol_cep,START,Primary energy factor,2.5157223
XOU,1_no_pol_cep_low_pef,2030,Primary energy factor,2.1064773
XOU,1_no_pol_cep_low_pef,2033,Primary energy factor,1.9700621
XOU,1_no_pol_cep_low_pef,2035,Primary energy factor,1.8791189
XOU,1_no_pol_cep_low_pef,2040,Primary energy factor,1.6517606
XOU,1_no_pol_cep_low_pef,2045,Primary energy factor,1.1970439
XOU,1_no_pol_cep_low_pef,START,Primary energy factor,2.5157223
XOU,2_no_pol_ep,START,Primary energy factor,2.5157223
XOU,3_no_pol_ep_low_pef,2030,Primary energy factor,2.1064773
XOU,3_no_pol_ep_low_pef,2033,Primary energy factor,1.9700621
XOU,3_no_pol_ep_low_pef,2035,Primary energy factor,1.8791189
XOU,3_no_pol_ep_low_pef,2040,Primary energy factor,1.6517606
XOU,3_no_pol_ep_low_pef,2045,Primary energy factor,1.1970439
XOU,3_no_pol_ep_low_pef,START,Primary energy factor,2.5157223
XOU,4_low_pol_co2_75,START,Primary energy factor,2.5157223
XOU,5_low_pol_co2_75_low_pef,2030,Primary energy factor,2.1064773
XOU,5_low_pol_co2_75_low_pef,2033,Primary energy factor,1.9700621
XOU,5_low_pol_co2_75_low_pef,2035,Primary energy factor,1.8791189
XOU,5_low_pol_co2_75_low_pef,2040,Primary energy factor,1.6517606
XOU,5_low_pol_co2_75_low_pef,2045,Primary energy factor,1.1970439
XOU,5_low_pol_co2_75_low_pef,START,Primary energy factor,2.5157223
XOU,6_co2_300,START,Primary energy factor,2.5157223
XOU,7_co2_300_low_pef,2030,Primary energy factor,2.1064773
XOU,7_co2_300_low_pef,2033,Primary energy factor,1.9700621
XOU,7_co2_300_low_pef,2035,Primary energy factor,1.8791189
XOU,7_co2_300_low_pef,2040,Primary energy factor,1.6517606
XOU,7_co2_300_low_pef,2045,Primary energy factor,1.1970439
XOU,7_co2_300_low_pef,START,Primary energy factor,2.5157223
XOU,8_nofoss_co2_75,START,Primary energy factor,2.5157223
XOU,9_nofoss_co2_75_low_pef,2030,Primary energy factor,2.1064773
XOU,9_nofoss_co2_75_low_pef,2033,Primary energy factor,1.9700621
XOU,9_nofoss_co2_75_low_pef,2035,Primary energy factor,1.8791189
XOU,9_nofoss_co2_75_low_pef,2040,Primary energy factor,1.6517606
XOU,9_nofoss_co2_75_low_pef,2045,Primary energy factor,1.1970439
XOU,9_nofoss_co2_75_low_pef,START,Primary energy factor,2.5157223
